"""download.visualstudio.microsoft.com""",72
"""china-img.soulapp.cn""",49
"""pic3.zhimg.com""",45
"""pic1.zhimg.com""",44
"""wx3.sinaimg.cn""",40
"""mmbiz.qpic.cn""",40
"""m.360buyimg.com""",39
"""wx2.sinaimg.cn""",36
"""pic2.zhimg.com""",32
"""wx4.sinaimg.cn""",31
"""filedownload.csw.lenovo.com""",30
"""wx1.sinaimg.cn""",27
"""storage.360buyimg.com""",26
"""docs.idqqimg.com""",22
"""configdownload.dbankcdn.cn""",19
"""adimg.uve.weibo.com""",19
"""img-prod-cms-rt-microsoft-com.akamaized.net""",16
"""h5.sinaimg.cn""",16
"""uploadfiles.nowcoder.com""",15
"""ad.us.sinaimg.cn""",15
"""img.halfrost.com""",14
"""easylist-downloads.adblockplus.org""",14
"""storedl4.heytapdownload.com""",13
"""pic4.zhimg.com""",13
"""csdnimg.cn""",11
"""img30.360buyimg.com""",10
"""tvax4.sinaimg.cn""",8
"""tvax2.sinaimg.cn""",8
"""pkg.zhimg.com""",8
"""img-blog.csdnimg.cn""",8
"""qqshowar.gtimg.cn""",7
"""imgheybox.max-c.com""",7
"""g.csdnimg.cn""",7
"""ask.qcloudimg.com""",7
"""vscode.cdn.azure.cn""",6
"""tvax3.sinaimg.cn""",6
"""tvax1.sinaimg.cn""",6
"""piccache.cnki.net""",6
"""mpvideo.qpic.cn""",6
"""img.alicdn.com""",6
"""maponline0.bdimg.com""",5
"""img.expreview.com""",5
"""dl-2.pddpic.com""",5
"""upload-bbs.mihoyo.com""",4
"""static.yximgs.com""",4
"""maponline3.bdimg.com""",4
"""imgcache.qq.com""",4
"""img.meituan.net""",4
"""img.leikeji.com""",4
"""docs.gtimg.com""",4
"""dl-1.pddpic.com""",4
"""cmshow.gtimg.cn""",4
"""vm.gtimg.cn""",3
"""video5.chuimg.com""",3
"""ms-vscode.gallerycdn.azure.cn""",3
"""maponline2.bdimg.com""",3
"""img13.360buyimg.com""",3
"""img11.360buyimg.com""",3
"""img1.360buyimg.com""",3
"""img.coocaa.com""",3
"""upload-images.jianshu.io""",2
"""txc.gtimg.com""",2
"""qcloudimg.tencentcs.cn""",2
"""puui.qpic.cn""",2
"""pics3.baidu.com""",2
"""pic.rmb.bdstatic.com""",2
"""p9-ad-sign.byteimg.com""",2
"""p3-sign.douyinpic.com""",2
"""mjs.sinaimg.cn""",2
"""maponline1.bdimg.com""",2
"""lupic.cdn.bcebos.com""",2
"""imgs.lenovomm.cn""",2
"""img2020.cnblogs.com""",2
"""img12.360buyimg.com""",2
"""img.yostatic.com""",2
"""img.nsu.edu.cn""",2
"""huyaimg.msstatic.com""",2
"""h2.appsimg.com""",2
"""gimg2.baidu.com""",2
"""game.gtimg.cn""",2
"""download.manjaro.org""",2
"""download-installer.cdn.mozilla.net""",2
"""appimg.dbankcdn.com""",2
"""youimg1.c-ctrip.com""",1
"""y.zdmimg.com""",1
"""wx.gtimg.com""",1
"""wx-love-img.afunapp.com""",1
"""wk-video-img.cdn.bcebos.com""",1
"""video3.pddpic.com""",1
"""vfiles.gtimg.cn""",1
"""ug.qbimg.qq.com""",1
"""tva4.sinaimg.cn""",1
"""tiebapic.baidu.com""",1
"""t16img.yangkeduo.com""",1
"""syimg.3dmgame.com""",1
"""sucimg.itc.cn""",1
"""static.pddpic.com""",1
"""ssl-pubpic.51yund.com""",1
"""ssl-panoimg130.720static.com""",1
"""smobatv-pic.tga.qq.com""",1
"""shp.qpic.cn""",1
"""s.ssl.qhimg.com""",1
"""review-2.pddpic.com""",1
"""res.youpin.mi-img.com""",1
"""qpic.y.qq.com""",1
"""qdreaderpic-1252317822.file.myqcloud.com""",1
"""public.us.sinaimg.cn""",1
"""pub.idqqimg.com""",1
"""promotion.pddpic.com""",1
"""pics0.baidu.com""",1
"""pica.zhimg.com""",1
"""pc.us.sinaimg.cn""",1
"""panpic.baidu.com""",1
"""p6.douyinpic.com""",1
"""p6-pack.byteimg.com""",1
"""p6-ad-sign.byteimg.com""",1
"""p3.dcarimg.com""",1
"""p3-zeus.byteimg.com""",1
"""p3-tt.byteimg.com""",1
"""p24.ssl.qhimgs3.com""",1
"""p1-tt.byteimg.com""",1
"""n.sinaimg.cn""",1
"""ms.bdimg.com""",1
"""mimg.127.net""",1
"""menu-img.mcd.cn""",1
"""mat1.gtimg.com""",1
"""main.qcloudimg.com""",1
"""m.ykimg.com""",1
"""lz.sinaimg.cn""",1
"""img9.doubanio.com""",1
"""img2.baidu.com""",1
"""img14.360buyimg.com""",1
"""img1.sdnlab.com""",1
"""img1.bdstatic.com""",1
"""img1.baidu.com""",1
"""img01.yzcdn.cn""",1
"""img0.pconline.com.cn""",1
"""img0.baidu.com""",1
"""img.xiumi.us""",1
"""img.tianyancha.com""",1
"""img.soulapp.cn""",1
"""img.nfa.qq.com""",1
"""img.jkximg.com""",1
"""img.huxiucdn.com""",1
"""img.dmallcdn.com""",1
"""img.bosszhipin.com""",1
"""img-ys011.didistatic.com""",1
"""img-hxy021.didistatic.com""",1
"""img-c.heytapimage.com""",1
"""img-bss.csdnimg.cn""",1
"""img-blog.csdn.net""",1
"""iknowpc.bdimg.com""",1
"""home-store-img.uniontech.com""",1
"""global-uploads.webflow.com""",1
"""gimg4.baidu.com""",1
"""gamelifevideo.qpic.cn""",1
"""ecma.bdimg.com""",1
"""download.microsoft.com""",1
"""download.huawei.com""",1
"""download.fosshub.com""",1
"""download.bt.cn""",1
"""dimg11.c-ctrip.com""",1
"""developer.download.nvidia.cn""",1
"""cmsdownload.sangfor.com.cn""",1
"""cdn.cnbj1.fds.api.mi-img.com""",1
"""amapdownload.autonavi.com""",1
"""adsmind.gdtimg.com""",1
