"""""",8995
"""fga0.market.xiaomi.com""",226
"""bg0.market.xiaomi.com""",175
"""static.zhihu.com""",106
"""wpsfile.ks3-cn-beijing.ksyun.com""",101
"""fgc0.market.xiaomi.com""",88
"""iosapps.itunes.apple.com""",86
"""dldir1.qq.com""",74
"""vdn.vzuu.com""",73
"""datacon.qianxin.com""",55
"""s1.cn.bing.net""",54
"""tokyo.link.ac.cn""",49
"""wwfile.work.weixin.qq.com""",43
"""aod.itunes.apple.com""",41
"""vdn3.vzuu.com""",37
"""bl6pap003.storage.live.com""",36
"""i.guancha.cn""",35
"""vdn1.vzuu.com""",34
"""i0.hdslb.com""",34
"""www.nsfocus.com.cn""",32
"""cl2-cn.apple.com""",32
"""updates.cdn-apple.com""",31
"""docs.mesalab.cn""",29
"""tokyo4.link.ac.cn""",28
"""mdn.alipayobjects.com""",28
"""vdn4.vzuu.com""",27
"""lf9-cdn-tos.bytegecko.com""",27
"""wpsfile-sh.ks3-cn-shanghai.ksyun.com""",24
"""vd3.bdstatic.com""",23
"""production.cloudflare.docker.com""",23
"""io75a.ocloud.heytapmobi.com""",23
"""bizsec-auth.alicdn.com""",23
"""res.huoying.qq.com""",21
"""izdopa.bl.files.1drv.com""",21
"""fgb0.market.xiaomi.com""",21
"""alibaba-cn-pvg-00001.oss-cn-shanghai.aliyuncs.com""",20
"""s1.hdslb.com""",19
"""r8---sn-2x3eln7k.c.2mdn.net""",18
"""www.uestc.edu.cn""",17
"""vod.300hu.com""",17
"""gspe21-ssl.ls.apple.com""",17
"""g.alicdn.com""",17
"""settings-win.data.microsoft.com""",16
"""fmt1.link.ac.cn""",15
"""zhuanlan.zhihu.com""",14
"""mesalab.cn""",14
"""lf3-cdn-tos.bytescm.com""",14
"""e6dff9607958dff091a980fa8580cd5b.v.smtcdns.net""",14
"""aod.cos.tx.xmcdn.com""",14
"""www.jianshu.com""",13
"""valid.apple.com""",13
"""s3plus.meituan.net""",13
"""p0.meituan.net""",13
"""ddplus.meituan.net""",13
"""bundle.meituan.net""",13
"""static.link.ac.cn""",12
"""fa000000006.resources.office.net""",12
"""down-cdn.dingtalk.com""",11
"""cdn.multilingualres.hr.tencent.com""",11
"""oa.mesalab.cn""",10
"""ms-python.gallerycdn.azure.cn""",10
"""gw.alipayobjects.com""",10
"""www.dpfile.com""",9
"""t3.a.market.xiaomi.com""",9
"""liveplay.wemeet.tencent.com""",9
"""image.3001.net""",9
"""cdn-zjk-trans.dingtalk.com""",9
"""assets.msn.cn""",9
"""apptrailers.itunes.apple.com""",9
"""a1.alibabausercontent.com""",9
"""713-xsc-918.mktoresp.com""",9
"""updatecdn.meeting.qq.com""",8
"""t5.a.market.xiaomi.com""",8
"""mpush-api.aliyun.com""",8
"""baikebcs.cdn.bcebos.com""",8
"""aabqr24muhbkhanhrdgddwxb7ltva888.node.ppio.cloud""",8
"""0a9d4dde5c16cae3c9cd0b73143cb5b3.v.smtcdns.net""",8
"""wps-file.obs.cn-north-4.myhuaweicloud.com""",7
"""wemeet-log-1256380422.cos.accelerate.myqcloud.com""",7
"""tbm-auth.alicdn.com""",7
"""t1.a.market.xiaomi.com""",7
"""sz01-vncproxy.aliyun.com""",7
"""saascdn.lenovo.com.cn""",7
"""njusteducn.sharepoint.com""",7
"""lf3-dy-cdn-tos.bytegecko.com""",7
"""lax.link.ac.cn""",7
"""cn.bing.com""",7
"""bl6pap004.storage.live.com""",7
"""bg2.market.xiaomi.com""",7
"""assets.codehub.cn""",7
"""apd-27c4930fa7e5d0cf2473f3c6a3b0847f.v.smtcdns.com""",7
"""www.swufe.edu.cn""",6
"""www.mesalab.cn""",6
"""res.servicewechat.com""",6
"""ms-toolsai.gallerycdn.azure.cn""",6
"""mrn.meituan.net""",6
"""mrn-backup.meituan.net""",6
"""icc2022.ieee-icc.org""",6
"""gsp0.baidu.com""",6
"""faculty.uestc.edu.cn""",6
"""ci.xiaohongshu.com""",6
"""bio.ucas.ac.cn""",6
"""bd.p2p.huya.com""",6
"""aab5esypwbcqt3zqshkt357dmx5kc888.node.ppio.cloud""",6
"""1251245530.vod2.myqcloud.com""",6
"""xmaterial.tu.qq.com""",5
"""www.swjtu.edu.cn""",5
"""webstatic.mihoyo.com""",5
"""static.mokahr.com""",5
"""qna.smzdm.com""",5
"""osxapps.itunes.apple.com""",5
"""msedgeextensions.sf.tlu.dl.delivery.mp.microsoft.com""",5
"""lf9-dy-cdn-tos.bytegecko.com""",5
"""ldc-fast.lenovo.com.cn""",5
"""io75n.ocloud.heytapmobi.com""",5
"""hagres-drcn.dbankcdn.com""",5
"""gitee.com""",5
"""d.docs.live.net""",5
"""cdn.poizon.com""",5
"""campus.meituan.com""",5
"""browserkernel.baidu.com""",5
"""apd-0abeeb5cff31a0eea8bc3101a3b083fc.v.smtcdns.com""",5
"""www.zhibo.tv""",4
"""www.v2rayuse.xyz""",4
"""www.cuit.edu.cn""",4
"""upos-sz-static.hdslb.com""",4
"""teamssix.oss-cn-hangzhou.aliyuncs.com""",4
"""t8.baidu.com""",4
"""sta-op.douyucdn.cn""",4
"""safebrowsing.googleapis.com""",4
"""quantum-mirror.hu""",4
"""qny.smzdm.com""",4
"""p8.itc.cn""",4
"""ocloud-io75q-cn.heytapmobi.com""",4
"""mobile.meituan.com""",4
"""mirrors.aliyun.com""",4
"""lf6-webcast-cdn-tos.bytegecko.com""",4
"""io75o.ocloud.heytapmobi.com""",4
"""io75g.ocloud.heytapmobi.com""",4
"""images.nowcoder.com""",4
"""gw.alicdn.com""",4
"""feed-image.baidu.com""",4
"""f7.baidu.com""",4
"""drive.wps.cn""",4
"""down.qq.com""",4
"""dlswbr.baidu.com""",4
"""cube.elemecdn.com""",4
"""cloudcache.tencent-cloud.com""",4
"""cloud.tencent.com""",4
"""career.huawei.com""",4
"""canvas-cdn-prod.azureedge.net""",4
"""c2.amap.com""",4
"""blog.csdn.net""",4
"""autopatchcn.yuanshen.com""",4
"""appdl-3-drcn.dbankcdn.com""",4
"""api-map03.meituan.com""",4
"""api-map02.meituan.com""",4
"""adash-emas.cn-hangzhou.aliyuncs.com""",4
"""aabnesypwbcqt3zqqvxc7zvzgny2g888.node.ppio.cloud""",4
"""653-smc-783.mktoresp.com""",4
"""zhixing.bjtu.edu.cn""",3
"""www.zhihu.com""",3
"""www.virustotal.com""",3
"""wid.s3.cn-north-1.amazonaws.com.cn""",3
"""wa.qq.com""",3
"""w.meituan.net""",3
"""vdse.bdstatic.com""",3
"""v1.market.xiaomi.com""",3
"""talent.baidu.com""",3
"""t9.baidu.com""",3
"""t2.a.market.xiaomi.com""",3
"""static.dingtalk.com""",3
"""sep.ucas.ac.cn""",3
"""sc.seeyouyima.com""",3
"""s.secrss.com""",3
"""res.wx.qq.com""",3
"""qlgy6ksv.v1d.szbdyd.com""",3
"""qdcu02.baidupcs.com""",3
"""public-cdn.mokahr.com""",3
"""pss.bdstatic.com""",3
"""pcap.zhouhe.360.cn""",3
"""p4.itc.cn""",3
"""p1.itc.cn""",3
"""ocloud-io75t-cn.heytapmobi.com""",3
"""newclient.map.baidu.com""",3
"""mirrors.tuna.tsinghua.edu.cn""",3
"""meeting-75420.gzc.vod.tencent-cloud.com""",3
"""media.bjnews.com.cn""",3
"""lsw-fast.lenovo.com.cn""",3
"""london2.link.ac.cn""",3
"""live-s3m.mediav.com""",3
"""lf3-mgsdk-sign.dailygn.com""",3
"""jdpull.jd.com""",3
"""iie.arp.cn""",3
"""i2.hdslb.com""",3
"""hr.sangfor.com""",3
"""game.sec.miui.com""",3
"""fc1tn.baidu.com""",3
"""dss2.bdstatic.com""",3
"""da5ae221b6b106ff92cebb1846aa25cf.v.smtcdns.net""",3
"""d-3cd806a7-cache.71edge.com""",3
"""d-3cd806a6-cache.71edge.com""",3
"""d-3cd3faba-cache.71edge.com""",3
"""console-vcr.bj.bcebos.com""",3
"""conda.anaconda.org""",3
"""bce.bdstatic.com""",3
"""attach.52pojie.cn""",3
"""api.comm.miui.com""",3
"""apd-cc9eb85339661710dcce8e468b6e9a70.v.smtcdns.com""",3
"""alidocs2.oss-cn-zhangjiakou.aliyuncs.com""",3
"""agsupdate.adobe.com""",3
"""aac4nk6wy665zgtuq4q2mizjnfae2888.node.ppio.cloud""",3
"""yfeffect2.cdnnodedns.cn""",2
"""www.usenix.org""",2
"""www.universalbeijingresort.com""",2
"""www.secucloud.com""",2
"""www.processon.com""",2
"""www.itu.int""",2
"""www.cdut.edu.cn""",2
"""www.bing.com""",2
"""www.bilibili.com""",2
"""wps-media-file.ks3-cn-beijing.ksyun.com""",2
"""v2.kwaicdn.com""",2
"""ticket-assets.baai.ac.cn""",2
"""ti.qianxin.com""",2
"""tbs.imtt.qq.com""",2
"""t7.baidu.com""",2
"""t14.baidu.com""",2
"""t11.baidu.com""",2
"""t.captcha.qq.com""",2
"""static.nowcoder.com""",2
"""spcsz.cdn.bcebos.com""",2
"""sjarvis.taobao.com""",2
"""sf3-fe-tos.pglstatp-toutiao.com""",2
"""sam-material-online-1302115363.file.myqcloud.com""",2
"""rsc.swjtu.edu.cn""",2
"""res.cdut.edu.cn""",2
"""r7---sn-2x3een7e.c.2mdn.net""",2
"""quake.360.cn""",2
"""puds.ucweb.com""",2
"""play-a2.quklive.com""",2
"""p9.itc.cn""",2
"""p7.itc.cn""",2
"""p0.itc.cn""",2
"""p.ananas.chaoxing.com""",2
"""onedriveclucprodbn20020.blob.core.windows.net""",2
"""onedriveclucprodbn20019.blob.core.windows.net""",2
"""onedriveclucprodbn20004.blob.core.windows.net""",2
"""oneclient.sfx.ms""",2
"""newseu.cgtn.com""",2
"""mmbiz.qlogo.cn""",2
"""mirrors.huaweicloud.com""",2
"""microdown.myapp.com""",2
"""medvoice.cdn.bcebos.com""",2
"""mail.iie.ac.cn""",2
"""lk6qfo1.cdnnodedns.cn""",2
"""live2.guancha.cn""",2
"""lf9-mgsdk-sign.dailygn.com""",2
"""lf6-mgsdk-sign.dailygn.com""",2
"""lf6-dy-cdn-tos.bytegecko.com""",2
"""jvod.300hu.com""",2
"""jsjxy.cuit.edu.cn""",2
"""join-static.thoughtworks.cn""",2
"""images-cn.ssl-images-amazon.cn""",2
"""i9.taou.com""",2
"""hr.cdut.edu.cn""",2
"""hl2rcv.adobe.com""",2
"""hectorstatic.baidu.com""",2
"""health.baidu.com""",2
"""gss3.bdstatic.com""",2
"""github-releases.githubusercontent.com""",2
"""fwfile-1257474221.cos.ap-shanghai.myqcloud.com""",2
"""flowplus.meituan.net""",2
"""file.zhibo.tv""",2
"""file.thepaper.cn""",2
"""fanyiapp.cdn.bcebos.com""",2
"""dsfs.oppo.com""",2
"""docs.qq.com""",2
"""docs.geedge.net""",2
"""dl.taou.com""",2
"""displaycatalog.mp.microsoft.com""",2
"""dictionary.cambridge.org""",2
"""d-3cd4f00a-cache.71edge.com""",2
"""cncc.ccf.org.cn""",2
"""cf.aliyun.com""",2
"""cdn2.jianshu.io""",2
"""cdn2-unrealengine-1251447533.file.myqcloud.com""",2
"""cdn.jiqizhixin.com""",2
"""cdn.ark.qq.com""",2
"""careers.oppo.com""",2
"""canonical-lgw01.cdn.snapcraftcontent.com""",2
"""c1.amap.com""",2
"""boss.hdslb.com""",2
"""binaries.templates.cdn.office.net""",2
"""beige.xboxservices.com""",2
"""at.alicdn.com""",2
"""assets.shimonote.com""",2
"""archive.ics.uci.edu""",2
"""appdl-2-dra.dbankcdn.com""",2
"""app.yinxiang.com""",2
"""app.jianguoyun.com""",2
"""apk-openapi.ucdl.pp.uc.cn""",2
"""api.weibo.cn""",2
"""api.sec.miui.com""",2
"""api.bilibili.com""",2
"""apd-c6d355d62854e54127c804a798eb6ad6.v.smtcdns.com""",2
"""apd-85e836647a234f005d8c6879f5b9214d.v.smtcdns.com""",2
"""apd-258ef4a1a3a34d992f23edc52707073b.v.smtcdns.com""",2
"""aegis.qq.com""",2
"""account.xiaomi.com""",2
"""aadmxlszkz63k2gjdha2vostkhzuq888.node.ppio.cloud""",2
"""aacji5b6p5cv5bxshl67rk6sofzya888.node.ppio.cloud""",2
"""aabnesypwbcqt3zqcyewkzg7p4t4i888.node.ppio.cloud""",2
"""aabivlw6y25sr46i3fbhgcicgwqzu888.node.ppio.cloud""",2
"""aabar24muhbkhanh7qiywx6hcx4sq888.node.ppio.cloud""",2
"""aab4h7t2bz5lkxlrr4shyrfkeqecw888.node.ppio.cloud""",2
"""a.msstatic.com""",2
"""156-ofn-742.mktoresp.com""",2
"""zres.alicdn.com""",1
"""zhouhe.360.cn""",1
"""zfcgimage.szmall.com""",1
"""z1mdzg.bl.files.1drv.com""",1
"""yunfcdncnc.inter.71edge.com""",1
"""yanxuan-item.nosdn.127.net""",1
"""y.qq.com""",1
"""xz.duoyi.com""",1
"""xxtool-release.zone1.meitudata.com""",1
"""xxgk.scu.edu.cn""",1
"""www2.deloitte.com""",1
"""www.yinxiang.com""",1
"""www.yiibai.com""",1
"""www.xiaohongshu.com""",1
"""www.thestreet.com""",1
"""www.tencent.com""",1
"""www.tedu.cn""",1
"""www.swpu.edu.cn""",1
"""www.sicnu.edu.cn""",1
"""www.researchgate.net""",1
"""www.pwccn.com""",1
"""www.parallels.cn""",1
"""www.nvidia.cn""",1
"""www.nsu.edu.cn""",1
"""www.nowcoder.com""",1
"""www.mingsoft.net""",1
"""www.linuxprobe.com""",1
"""www.liaoxuefeng.com""",1
"""www.leiphone.com""",1
"""www.latexstudio.net""",1
"""www.iqiyi.com""",1
"""www.gstatic.com""",1
"""www.fileviewpro.com""",1
"""www.f5.com""",1
"""www.eol.cn""",1
"""www.eefocus.com""",1
"""www.edrawsoft.cn""",1
"""www.diagrams.net""",1
"""www.dbappsecurity.com.cn""",1
"""www.cwauthors.com.cn""",1
"""www.cnblogs.com""",1
"""www.c114.com.cn""",1
"""www.bupt.edu.cn""",1
"""www.baai.ac.cn""",1
"""www.aliyun.com""",1
"""www-static.ripe.net""",1
"""www-file.huawei.com""",1
"""wslstorestorage.blob.core.windows.net""",1
"""wovv.yilanvaas.com""",1
"""work-assets.baai.ac.cn""",1
"""wkvxsq.bl.files.1drv.com""",1
"""wjz-cdn.baidu.com""",1
"""weread-1258476243.file.myqcloud.com""",1
"""wenda.latexstudio.net""",1
"""webvpn.swun.edu.cn""",1
"""webchat.7moor.com""",1
"""web.kamihq.com""",1
"""wap.cnki.net""",1
"""walkme.gallerycdn.azure.cn""",1
"""w.pandora.xiaomi.com""",1
"""w.kandian.qq.com""",1
"""vscjava.gallerycdn.azure.cn""",1
"""vpn.uestc.edu.cn""",1
"""vod-static.mihoyo.com""",1
"""vipapi.wps.cn""",1
"""v6-be-pack.pglstatp-toutiao.com""",1
"""v3-be-pack.pglstatp-toutiao.com""",1
"""v10.events.data.microsoft.com""",1
"""v.qq.com""",1
"""v-6fce1739.71edge.com""",1
"""v-6fce1738.71edge.com""",1
"""v-6fce1735.71edge.com""",1
"""v-6fce1732.71edge.com""",1
"""v-6fce172a.71edge.com""",1
"""v-67d82b3b.71edge.com""",1
"""v-67d82b22.71edge.com""",1
"""use.typekit.net""",1
"""upgrade.down.sandai.net""",1
"""update.dbankcdn.com""",1
"""update.avlyun.sec.miui.com""",1
"""umwatson.events.data.microsoft.com""",1
"""udiab1.jianshu.com""",1
"""ucc.alicdn.com""",1
"""tx.hls.huya.com""",1
"""tw1.link.ac.cn""",1
"""ti.360.cn""",1
"""thirdqq.qlogo.cn""",1
"""tevxsq.bl.files.1drv.com""",1
"""tet5ya.bl.files.1drv.com""",1
"""t8algg.bl.files.1drv.com""",1
"""t4.a.market.xiaomi.com""",1
"""t13.baidu.com""",1
"""t12.baidu.com""",1
"""t10.baidu.com""",1
"""sz-ctfs.ftn.qq.com""",1
"""sv.map.baidu.com""",1
"""storefinance4.nearme.com.cn""",1
"""storedl3.nearme.com.cn""",1
"""storage.wax.weibo.com""",1
"""stdl.qq.com""",1
"""stcglobal.beisen.com""",1
"""staticsns.cdn.bcebos.com""",1
"""static5.51cto.com""",1
"""static2.seeyouyima.com""",1
"""static2.51cto.com""",1
"""static1.51cto.com""",1
"""static001.geekbang.org""",1
"""static.wecity.qq.com""",1
"""static.oneplus.cn""",1
"""static.leetcode-cn.com""",1
"""static.gllue.com""",1
"""static.cnbetacdn.com""",1
"""static-d.iqiyi.com""",1
"""static-assets-prod-1251447533.file.myqcloud.com""",1
"""stat.ripe.net""",1
"""starkwang.gallerycdn.azure.cn""",1
"""staging.yinxiang.com""",1
"""sspai.com""",1
"""sslprod.oss-cn-shanghai.aliyuncs.com""",1
"""ss1.baidu.com""",1
"""ss0.baidu.com""",1
"""sqdsp-vod.smzdm.com""",1
"""shark2.douyucdn.cn""",1
"""sf3-scmcdn2-cn.feishucdn.com""",1
"""sf3-scmcdn-tos.pglstatp-toutiao.com""",1
"""securepubads.g.doubleclick.net""",1
"""secrank.cn""",1
"""sconf.cdn.bcebos.com""",1
"""s9.51cto.com""",1
"""s6.51cto.com""",1
"""s3m4.fenxi.com""",1
"""s3.meituan.net""",1
"""s3.51cto.com""",1
"""s0.2mdn.net""",1
"""s.taou.com""",1
"""review.hindawi.com""",1
"""retcode.taobao.com""",1
"""resstatic.servicewechat.com""",1
"""res1.wpsacdm.cache.wpscdn.cn""",1
"""res.tu.qq.com""",1
"""repo.clickhouse.tech""",1
"""render.alipay.com""",1
"""recordcdn.quklive.com""",1
"""qvtamj76.v1d.szbdyd.com""",1
"""qncdn.aoscdn.com""",1
"""q.qlogo.cn""",1
"""pypi.org""",1
"""publicqn.shenlanxueyuan.com""",1
"""pos.baidu.com""",1
"""portal-portm.meituan.com""",1
"""plugin.csdn.net""",1
"""pis.baiwang.com""",1
"""pcdn-a1.douyucdn.cn""",1
"""pcap.honeynet.org.my""",1
"""pannss.bdstatic.com""",1
"""pan.baidu.com""",1
"""pagead2.googlesyndication.com""",1
"""p7298u1.cdnnodedns.cn""",1
"""p3-tt.bytecdn.cn""",1
"""p1.ymzy.cn""",1
"""p1.meituan.net""",1
"""ossgw.alicdn.com""",1
"""oss.51cocoa.com""",1
"""oss-ota.oss-cn-hangzhou.aliyuncs.com""",1
"""open.youtu.qq.com""",1
"""onedriveclucproddm20030.blob.core.windows.net""",1
"""onedriveclucproddm20022.blob.core.windows.net""",1
"""onedriveclucproddm20017.blob.core.windows.net""",1
"""onedriveclucproddm20001.blob.core.windows.net""",1
"""nv00.cdn.bcebos.com""",1
"""ntp.msn.cn""",1
"""nos.netease.com""",1
"""netman.aiops.org""",1
"""mstatic.cdn.bcebos.com""",1
"""mss0.bdstatic.com""",1
"""mpsapi.amap.com""",1
"""movies.hrhtfd.club""",1
"""miniapp-package-zcache.taobao.com""",1
"""mini2015.qq.com""",1
"""meeting.tencent.com""",1
"""mcs-mimp-web.sf-express.com""",1
"""mbdcdn.bdstatic.com""",1
"""material-center.meitudata.com""",1
"""mapapi.qq.com""",1
"""manjaro.osmir.ch""",1
"""mail.qq.com""",1
"""mail.cstnet.cn""",1
"""m.swun.edu.cn""",1
"""m.jr.jd.com""",1
"""lrj-typora.oss-cn-beijing.aliyuncs.com""",1
"""login.oracle.com""",1
"""lib.eqh5.com""",1
"""lhcdn.lanhuapp.com""",1
"""lf9-webcast-cdn-tos.bytegecko.com""",1
"""lf9-effectcdn-tos.byteeffecttos.com""",1
"""lf6-cdn-tos.bytegecko.com""",1
"""lf3-webcast-cdn-tos.bytegecko.com""",1
"""lf3-effectcdn-tos.byteeffecttos.com""",1
"""lf3-cdn-tos.bytegecko.com""",1
"""lf3-aweme-lite-saveu.bytetos.com""",1
"""lf-dy-sourcecdn-tos.bytegecko.com""",1
"""lang.alicdn.com""",1
"""land.xiaomi.net""",1
"""labs.mysql.com""",1
"""koss.iyong.com""",1
"""kf25aa.bl.files.1drv.com""",1
"""jv0i0u0.cdnnodedns.cn""",1
"""jianzhan-fe.cdn.bcebos.com""",1
"""jhguhs1.cdnnodedns.cn""",1
"""itea-cdn.qq.com""",1
"""is3-ssl.mzstatic.com""",1
"""is2-ssl.mzstatic.com""",1
"""ip3787644220.mobgslb.tbcache.com""",1
"""ip3484950332.mobgslb.tbcache.com""",1
"""ip3217218876.mobgslb.tbcache.com""",1
"""ip1496381815.mobgslb.tbcache.com""",1
"""internal-api-drive-stream.feishu.cn""",1
"""init.itunes.apple.com""",1
"""images4.c-ctrip.com""",1
"""images2017.cnblogs.com""",1
"""images.zhibo.tv""",1
"""images.unsplash.com""",1
"""images.tmtpost.com""",1
"""images.seebug.org""",1
"""images.opencollective.com""",1
"""images.nvidia.cn""",1
"""images.morethink.cn""",1
"""imagecloud.thepaper.cn""",1
"""image01.oneplus.cn""",1
"""image.smoba.qq.com""",1
"""ih6d3g.bl.files.1drv.com""",1
"""ieeexplore.ieee.org""",1
"""ideal.chinaceotv.com""",1
"""ic488f3.cdnnodedns.cn""",1
"""i.loli.net""",1
"""hugeota.d.miui.com""",1
"""hlstct.douyucdn2.cn""",1
"""hj.chinaamc.com""",1
"""hhodhfy6.v1d.szbdyd.com""",1
"""hh1zzclg.v1d.szbdyd.com""",1
"""hh1dawy3.v1d.szbdyd.com""",1
"""gxh.material.qq.com""",1
"""guangzan.gitee.io""",1
"""grpc.biliapi.net""",1
"""global-us.link.ac.cn""",1
"""global-tw.link.ac.cn""",1
"""github.com""",1
"""git.mesalab.cn""",1
"""ggkkmuup9wuugp6ep8d.exp.bcevod.com""",1
"""gfs-op.douyucdn.cn""",1
"""gcik9stp4yee5v0aciu.exp.bcevod.com""",1
"""fwimage.cnfanews.com""",1
"""fs.microsoft.com""",1
"""fonts.yinxiang.com""",1
"""fonts.gstatic.com""",1
"""files.pythonhosted.org""",1
"""files.alicdn.com""",1
"""face.t.sinajs.cn""",1
"""fa000000070.resources.office.net""",1
"""f9.taou.com""",1
"""f10.baidu.com""",1
"""edgefrecdn.azureedge.net""",1
"""edge.microsoft.com""",1
"""ecloud.eos-guangzhou-1.cmecloud.cn""",1
"""dvvewj5m.v1d.szbdyd.com""",1
"""dualstack-mpsapi.amap.com""",1
"""dtv8wja5.v1d.szbdyd.com""",1
"""dtmall-tel.alicdn.com""",1
"""dtapp-pub.dingtalk.com""",1
"""dss3.baidu.com""",1
"""downv6.qq.com""",1
"""down.pandora.qq.com""",1
"""dlied5sdk.myapp.com""",1
"""dl.hdslb.com""",1
"""dl.360safe.com""",1
"""dfs01.nn.com""",1
"""developer.aliyun.com""",1
"""def-200001.cos.ap-shanghai.myqcloud.com""",1
"""dav.jianguoyun.com""",1
"""daup.map.baidu.com""",1
"""daren-auth.alicdn.com""",1
"""d72682ac1b6ed9d195b52b867b2c832a.dlied1.cdntips.net""",1
"""d3.sina.com.cn""",1
"""d1.awsstatic.com""",1
"""d-7b7cb7f5-cache.71edge.com""",1
"""d-3cdddcf9-cache.71edge.com""",1
"""cs.scu.edu.cn""",1
"""cpse-conference.eai-conferences.org""",1
"""consumer.huawei.com""",1
"""constatic.geekbang.org""",1
"""compiles.overleaf.com""",1
"""code.visualstudio.com""",1
"""cmbntjob-mobile.cmbchina.com""",1
"""cloudres-drcn.dbankcdn.cn""",1
"""cfrdgr1.cdnnodedns.cn""",1
"""cdnstatic.megvii.com""",1
"""cdn.winscp.net""",1
"""cdn.viewdeos.com""",1
"""cdn.sspai.com""",1
"""cdn.segmentfault.com""",1
"""cdn.npm.taobao.org""",1
"""cdn.nlark.com""",1
"""cdn.mysql.com""",1
"""cdn.meeting.tencent.com""",1
"""cdn-dlm.esd.sage.com""",1
"""cdn-dl.yinxiang.com""",1
"""cd15-ccd1-2.play.bokecc.com""",1
"""cctvbsh5c.v.live.baishancdnx.cn""",1
"""cctv5ksh5c.v.kcdnvip.com""",1
"""cctv5bsh5c.v.live.baishancdnx.cn""",1
"""canonical-bos01.cdn.snapcraftcontent.com""",1
"""campus.qianxin.com""",1
"""camo.githubusercontent.com""",1
"""c3.amap.com""",1
"""blog.yorek.xyz""",1
"""bk6qfo1.cdnnodedns.cn""",1
"""biz-site.zone1.meitudata.com""",1
"""bd.hls.huya.com""",1
"""b5c37ca5218e190c0646025a25f6a855.dlied1.cdntips.net""",1
"""b.bdstatic.com""",1
"""az764295.vo.msecnd.net""",1
"""astatic.megvii.com""",1
"""assets.gitee.com""",1
"""asset.znj.com""",1
"""apscdn.bdstatic.com""",1
"""app.bilibili.com""",1
"""api.radar.cloudflare.com""",1
"""api.neixin.cn""",1
"""api.mcc.miui.com""",1
"""api.huangye.miui.com""",1
"""api-prod.nvidia.com""",1
"""api-cn.store.heytapmobi.com""",1
"""apd-d59eb41d265adc96a2616c48aba8c01a.v.smtcdns.com""",1
"""apd-c6ffe3e46f942113e8648507828edbcf.v.smtcdns.com""",1
"""apd-b70fa555e3b663697632bbfb11873c24.v.smtcdns.com""",1
"""apd-a3397887814a21b35222c124a12e4449.v.smtcdns.com""",1
"""apd-967ba12da5a0ed4560941a7046e84651.v.smtcdns.com""",1
"""apd-82fa26e547f88def5a58ebc994d64e91.v.smtcdns.com""",1
"""apd-4ca339c635848992779008d33f0ee5a5.v.smtcdns.com""",1
"""apd-43da3d52758d741f5ba9cc1fe82d105d.v.smtcdns.com""",1
"""apd-381897c22866d013926473c0e6dff128.v.smtcdns.com""",1
"""album-cn01a.ocloud.heytapmobi.com""",1
"""afrdgr1.cdnnodedns.cn""",1
"""ad-evods.tianya.tv""",1
"""activity.hdslb.com""",1
"""aacnesypwbcqt3zq27hp7ajuihzb2888.node.ppio.cloud""",1
"""aacji5b6p5cv5bxsn46uq5qfpclis888.node.ppio.cloud""",1
"""aabzi5b6p5cv5bxszcb3ayclmdzw6888.node.ppio.cloud""",1
"""aabzi5b6p5cv5bxspzmizpun33k54888.node.ppio.cloud""",1
"""aabzi5b6p5cv5bxsh3hpjqlgqgaw4888.node.ppio.cloud""",1
"""aabzi5b6p5cv5bxs3by34nijfbpdq888.node.ppio.cloud""",1
"""aabtxjzkxfchpymr2emywzoq4s63o888.node.ppio.cloud""",1
"""aabnesypwbcqt3zqz6tpr623qd2l6888.node.ppio.cloud""",1
"""aabnesypwbcqt3zq7vovujpfw6w56888.node.ppio.cloud""",1
"""aabmh7t2bz5lkxlriahai367djhms888.node.ppio.cloud""",1
"""aab5esypwbcqt3zqvqbqa4unjde6u888.node.ppio.cloud""",1
"""aab4h7t2bz5lkxlrxb3cnqwwlrqwg888.node.ppio.cloud""",1
"""aaayvlw6y25sr46igeutcwhlgcjwa888.node.ppio.cloud""",1
"""a2put.chinaz.com""",1
"""a.slack-edge.com""",1
"""9frdgr1.cdnnodedns.cn""",1
"""8cd3fz3a.v1d.szbdyd.com""",1
"""7d311e1715b87cd3175f69b05439201f.dlied1.cdntips.net""",1
"""77bcb056adae3dfe9daced1a494df78c.dlied1.cdntips.net""",1
"""69e84818be62ead04eeaee467c726484.dlied1.cdntips.net""",1
"""625a7330a10fe505eb60b082c40d4624.dlied1.cdntips.net""",1
"""5b0988e595225.cdn.sohucs.com""",1
"""560-nbs-753.mktoresp.com""",1
"""53bfd0f665439b775d2635bf2ce4938a.dlied1.cdntips.net""",1
"""5342da50872222dc0c8139750b039561.dlied1.cdntips.net""",1
"""52rk1d3.cdnnodedns.cn""",1
"""5189fbef5140ed8eac4e6d03f6e638e3.v.smtcdns.net""",1
"""4f2b11d92b5d7b71f0122a90179a117a.dlied1.cdntips.net""",1
"""485kdu0.cdnnodedns.cn""",1
"""4408cc792d7052411422c3e176637e3d.dlied1.cdntips.net""",1
"""42lab.cdn.sunborngame.com""",1
"""367-mrv-360.mktoresp.com""",1
"""358-ejs-102.mktoresp.com""",1
"""32rk1d3.cdnnodedns.cn""",1
"""32c5ede7a414b86c13a6e7ae0a57831b.v.smtcdns.net""",1
"""2c853877140d1b6aa6142ed9274b0768.dlied1.cdntips.net""",1
"""280-qdk-215.mktoresp.com""",1
"""18bba56e40a7b483959ebdf57d827398.dlied1.cdntips.net""",1
"""150-139-237-3.ksyungslb.com""",1
"""14-152-91-1.ksyungslb.com""",1
"""125-39-113-129.ksyungslb.com""",1
"""117-15-237-1.ksyungslb.com""",1
"""116-211-122-2.ksyungslb.com""",1
"""1.na.dl.wireshark.org""",1
