"""m8.music.126.net""",136
"""m7.music.126.net""",126
"""m801.music.126.net""",91
"""m701.music.126.net""",89
"""audiopay.cos.tx.xmcdn.com""",81
"""upos-sz-mirrorkodo.bilivideo.com""",72
"""p3.music.126.net""",72
"""m9.music.126.net""",66
"""p4.music.126.net""",63
"""upos-sz-mirrorkodoo1.bilivideo.com""",39
"""upos-sz-mirrorcoso1.bilivideo.com""",30
"""upos-sz-mirrorcos.bilivideo.com""",30
"""f.video.weibocdn.com""",23
"""upos-sz-mirrorhw.bilivideo.com""",19
"""baikevideo.cdn.bcebos.com""",11
"""upos-sz-mirrorks3.bilivideo.com""",10
"""xy175x165x231x215xy.mcdn.bilivideo.cn""",9
"""p1.music.126.net""",9
"""v99.douyinvod.com""",8
"""bd-snap-video.xuetangx.com""",7
"""p2.music.126.net""",6
"""mpvideo.qpic.cn""",6
"""xianyu-video.alicdn.com""",5
"""finder.video.qq.com""",5
"""xy218x24x86x16xy.mcdn.bilivideo.cn""",4
"""v97.douyinvod.com""",4
"""v9-cold.douyinvod.com""",4
"""v6.douyinvod.com""",4
"""v3-f.douyinvod.com""",4
"""v3-e.douyinvod.com""",4
"""d1.music.126.net""",4
"""xy218x24x86x17xy.mcdn.bilivideo.cn""",3
"""videocdn.poizon.com""",3
"""video5.chuimg.com""",3
"""v83-g.douyinvod.com""",3
"""v1.douyinvod.com""",3
"""upos-sz-staticks3.bilivideo.com""",3
"""ksv-video-publish-m3u8.cdn.bcebos.com""",3
"""audio.ali.xmcdn.com""",3
"""xy39x70x253x192xy.mcdn.bilivideo.cn""",2
"""xy39x68x48x42xy.mcdn.bilivideo.cn""",2
"""xy218x26x161x206xy.mcdn.bilivideo.cn""",2
"""xy218x24x86x20xy.mcdn.bilivideo.cn""",2
"""xy175x150x249x151xy.mcdn.bilivideo.cn""",2
"""xy116x138x246x123xy.mcdn.bilivideo.cn""",2
"""xy112x236x98x43xy.mcdn.bilivideo.cn""",2
"""v9-z.douyinvod.com""",2
"""v6-cold1.douyinvod.com""",2
"""v3-g.douyinvod.com""",2
"""v3-c.douyinvod.com""",2
"""upos-sz-staticcos.bilivideo.com""",2
"""upos-sz-mirrorkodob.bilivideo.com""",2
"""prod-streaming-video-msn-com.akamaized.net""",2
"""p3-sign.douyinpic.com""",2
"""cn-sdyt-cu-v-08.bilivideo.com""",2
"""cn-lndl-cu-v-06.bilivideo.com""",2
"""xy60x5x223x118xy.mcdn.bilivideo.cn""",1
"""xy42x85x52x87xy.mcdn.bilivideo.cn""",1
"""xy42x178x204x9xy.mcdn.bilivideo.cn""",1
"""xy39x90x158x106xy.mcdn.bilivideo.cn""",1
"""xy39x90x154x191xy.mcdn.bilivideo.cn""",1
"""xy39x68x58x242xy.mcdn.bilivideo.cn""",1
"""xy39x68x197x94xy.mcdn.bilivideo.cn""",1
"""xy218x24x86x19xy.mcdn.bilivideo.cn""",1
"""xy218x11x213x47xy.mcdn.bilivideo.cn""",1
"""xy175x165x229x40xy.mcdn.bilivideo.cn""",1
"""xy175x150x215x185xy.mcdn.bilivideo.cn""",1
"""xy175x150x215x179xy.mcdn.bilivideo.cn""",1
"""xy175x148x226x40xy.mcdn.bilivideo.cn""",1
"""xy124x95x87x52xy.mcdn.bilivideo.cn""",1
"""xy121x27x126x155xy.mcdn.bilivideo.cn""",1
"""xy116x138x242x235xy.mcdn.bilivideo.cn""",1
"""xy112x236x171x15xy.mcdn.bilivideo.cn""",1
"""xy112x234x215x151xy.mcdn.bilivideo.cn""",1
"""xy110x17x20x74xy.mcdn.bilivideo.cn""",1
"""xy110x16x16x7xy.mcdn.bilivideo.cn""",1
"""xy101x29x55x193xy.mcdn.bilivideo.cn""",1
"""wk-video-img.cdn.bcebos.com""",1
"""video3.pddpic.com""",1
"""video.sangfor.com.cn""",1
"""video.primis.tech""",1
"""video.c-ctrip.com""",1
"""v6-x.douyinvod.com""",1
"""v3-y.douyinvod.com""",1
"""v3-cold3.douyinvod.com""",1
"""v3-cold.douyinvod.com""",1
"""v1-cold.douyinvod.com""",1
"""upos-sz-mirrorks3o1.bilivideo.com""",1
"""upos-sz-mirrorhwb.bilivideo.com""",1
"""upos-sz-mirrorcosb.bilivideo.com""",1
"""sf3-cdn-tos.douyinstatic.com""",1
"""s5.music.126.net""",1
"""p6.music.126.net""",1
"""p6.douyinpic.com""",1
"""mgsp.live.miguvideo.com""",1
"""m10.music.126.net""",1
"""lf9-douyin-ckv-tos.pstatp.com""",1
"""lf3-douyin-ckv-tos.pstatp.com""",1
"""lf3-cdn-tos.douyinstatic.com""",1
"""ksv-video-publish.cdn.bcebos.com""",1
"""jdvideo.300hu.com""",1
"""gamelifevideo.qpic.cn""",1
"""flv2.bn.netease.com""",1
"""fc-transvideo.baidu.com""",1
"""d1--cn-gotcha208.bilivideo.com""",1
"""d1--cn-gotcha03.bilivideo.com""",1
"""cn-sdyt-cu-v-14.bilivideo.com""",1
"""cn-sdyt-cu-v-09.bilivideo.com""",1
"""cn-sdbz-cu-v-06.bilivideo.com""",1
"""cn-nmghhht-cu-v-10.bilivideo.com""",1
"""cn-nmghhht-cu-v-05.bilivideo.com""",1
"""cn-lnsy-cu-v-03.bilivideo.com""",1
"""cn-hbcd2-cu-v-17.bilivideo.com""",1
"""cn-hbcd2-cu-v-15.bilivideo.com""",1
"""cn-hbcd2-cu-v-10.bilivideo.com""",1
"""cn-hbcd2-cu-v-07.bilivideo.com""",1
